path,exists,size_bytes,modified_utc
outputs\artifact_manifest.csv,True,8786,2026-06-03T14:10:51.620016+00:00
outputs\backtest_validation_summary.csv,True,3192,2026-06-03T14:19:15.308625+00:00
outputs\baseline_model_metrics.csv,True,859,2026-06-03T14:19:01.094207+00:00
outputs\bureau_overlay_report.csv,True,1651,2026-06-03T14:18:57.104464+00:00
outputs\calibrated_model_metrics.csv,True,255,2026-06-03T14:02:46.202008+00:00
outputs\credit_health_timestep_features.csv,True,12328539,2026-06-03T14:19:03.839825+00:00
outputs\cross_lob_segment_report.csv,True,574,2026-06-03T14:18:57.382445+00:00
outputs\current_review_queue_detail.csv,True,998435,2026-06-03T14:19:13.048021+00:00
outputs\delinquency_bucket_distribution.csv,True,4323,2026-06-03T14:18:55.407480+00:00
outputs\drift_monitoring_summary.csv,True,548,2026-06-03T14:19:15.085948+00:00
outputs\model_ablation_summary.csv,True,1021,2026-06-03T14:19:12.038933+00:00
outputs\portfolio_kpi_monthly.csv,True,2399,2026-06-03T14:18:55.257083+00:00
outputs\public_benchmark_alignment.csv,True,1137,2026-06-03T14:18:57.579444+00:00
outputs\public_benchmark_alignment_summary.csv,True,199,2026-06-03T14:19:13.992422+00:00
outputs\recession_scenario_summary.csv,True,982,2026-06-03T14:19:13.653488+00:00
outputs\reporting_data_dictionary.csv,True,1097,2026-06-03T14:19:15.310618+00:00
outputs\residual_correction_diagnostics.csv,True,686,2026-06-03T14:19:09.335444+00:00
outputs\review_capacity_sensitivity.csv,True,4449,2026-06-03T14:19:15.891107+00:00
outputs\review_queue_comparison.csv,True,588,2026-06-03T14:19:12.978916+00:00
outputs\review_threshold_sensitivity.csv,True,466,2026-06-03T14:19:15.891417+00:00
outputs\risk_decile_calibration.csv,True,491,2026-06-03T14:19:00.612971+00:00
outputs\risk_driver_decomposition.csv,True,6063,2026-06-03T14:19:15.007161+00:00
outputs\roll_rate_matrix.csv,True,428,2026-06-03T14:18:55.834590+00:00
outputs\scenario_sensitivity_checks.csv,True,181,2026-06-03T14:19:16.840577+00:00
outputs\scenario_sensitivity_grid.csv,True,6737,2026-06-03T14:19:16.837537+00:00
outputs\segment_risk_report.csv,True,3116,2026-06-03T14:18:56.528227+00:00
outputs\segment_stability_report.csv,True,642,2026-06-03T14:19:15.149766+00:00
outputs\source_inventory.csv,True,818,2026-06-03T14:19:17.120046+00:00
outputs\sql_python_reconciliation.csv,True,328,2026-06-03T14:19:17.119046+00:00
outputs\tableau_dashboard_extract.csv,True,9651814,2026-06-03T14:18:59.565530+00:00
outputs\validation_exception_log.csv,True,1114,2026-06-03T14:19:00.232999+00:00
outputs\vintage_cohort_report.csv,True,2154,2026-06-03T14:18:56.129773+00:00
reports\backtesting_validation_report.md,True,1745,2026-06-03T14:19:15.309620+00:00
reports\control_matrix.md,True,1880,2026-06-03T14:10:53.763283+00:00
reports\data_dictionary.md,True,2031,2026-06-03T14:19:15.310618+00:00
reports\data_validation_report.md,True,2030,2026-06-03T14:10:53.763283+00:00
reports\executive_risk_summary.md,True,993,2026-06-03T14:10:53.763283+00:00
reports\methodology_note.md,True,1110,2026-06-03T14:10:53.773000+00:00
reports\mock_regulator_response.md,True,928,2026-06-03T14:10:53.773000+00:00
reports\model_card.md,True,988,2026-06-03T14:19:15.311619+00:00
reports\model_validation_report.md,True,1389,2026-06-03T14:10:53.763283+00:00
reports\monitoring_drift_report.md,True,1094,2026-06-03T14:19:15.085948+00:00
reports\monitoring_plan.md,True,770,2026-06-03T14:19:15.311619+00:00
reports\public_benchmark_alignment_report.md,True,605,2026-06-03T14:10:53.773000+00:00
reports\recession_readiness_report.md,True,2290,2026-06-03T14:10:53.763283+00:00
reports\reconciliation_governance_report.md,True,2846,2026-06-03T14:10:51.620319+00:00
reports\release_decision.md,True,72,2026-06-03T14:10:53.774080+00:00
reports\residual_bias_correction_report.md,True,1934,2026-06-03T14:10:53.763283+00:00
reports\responsible_use_and_fair_lending_boundary.md,True,1088,2026-06-03T14:10:51.620319+00:00
reports\review_capacity_sensitivity_report.md,True,9257,2026-06-03T14:19:15.891417+00:00
reports\risk_boundary_review_routing_report.md,True,1290,2026-06-03T14:10:53.763283+00:00
reports\risk_driver_decomposition_report.md,True,3864,2026-06-03T14:19:15.007161+00:00
reports\scenario_sensitivity_report.md,True,3517,2026-06-03T14:19:16.842489+00:00
reports\sql_reporting_pack.md,True,614,2026-06-03T14:10:53.763283+00:00
reports\tableau_dashboard_spec.md,True,1436,2026-06-03T14:10:53.763283+00:00
figures\calibration_curve.png,True,64336,2026-06-03T14:10:52.324334+00:00
figures\dashboard_portfolio_overview.png,True,57169,2026-06-03T14:10:52.688892+00:00
figures\dashboard_recession_scenario.png,True,95880,2026-06-03T14:10:53.073136+00:00
figures\dashboard_roll_rate.png,True,51601,2026-06-03T14:10:52.890208+00:00
figures\dq_trend.png,True,56626,2026-06-03T14:10:51.760160+00:00
figures\drift_monitoring_psi.png,True,57139,2026-06-03T14:10:53.402145+00:00
figures\fred_chargeoff_vs_synthetic.png,True,72210,2026-06-03T14:19:14.366813+00:00
figures\fred_delinquency_vs_synthetic.png,True,62633,2026-06-03T14:19:14.164049+00:00
figures\recession_scenario_waterfall.png,True,63816,2026-06-03T14:19:13.947195+00:00
figures\residual_correction_error.png,True,28483,2026-06-03T14:10:52.441583+00:00
figures\review_capacity_sensitivity.png,True,109894,2026-06-03T14:10:53.605147+00:00
figures\risk_boundary_tradeoff.png,True,65559,2026-06-03T14:10:52.581147+00:00
figures\risk_decile_default_rate.png,True,64336,2026-06-03T14:10:52.272363+00:00
figures\risk_driver_contribution.png,True,81187,2026-06-03T14:10:53.241266+00:00
figures\roll_rate_heatmap.png,True,41951,2026-06-03T14:10:52.020386+00:00
figures\scenario_sensitivity_grid.png,True,79649,2026-06-03T14:10:53.752937+00:00
figures\vintage_curve.png,True,49695,2026-06-03T14:10:52.151053+00:00
sql\01_create_tables.sql,True,451,2026-06-03T04:23:27.521061+00:00
sql\02_monthly_portfolio_summary.sql,True,913,2026-06-03T04:23:27.531060+00:00
sql\03_delinquency_bucket_distribution.sql,True,407,2026-06-03T04:23:27.537915+00:00
sql\04_roll_rate_matrix.sql,True,619,2026-06-03T04:23:27.543914+00:00
sql\05_vintage_cohort_analysis.sql,True,885,2026-06-03T04:23:27.550143+00:00
sql\06_segment_risk_analysis.sql,True,998,2026-06-03T04:23:27.555828+00:00
sql\07_bureau_tradeline_overlay.sql,True,1012,2026-06-03T04:23:27.560828+00:00
sql\08_cross_lob_relationship_analysis.sql,True,746,2026-06-03T04:23:27.563176+00:00
sql\09_public_benchmark_alignment.sql,True,1524,2026-06-03T04:23:27.571343+00:00
sql\10_tableau_dashboard_extract.sql,True,1136,2026-06-03T04:23:27.575407+00:00
src\__init__.py,True,0,2026-06-03T04:23:27.243004+00:00
src\build_credit_health_timestep.py,True,2435,2026-06-03T04:23:27.359934+00:00
src\build_database.py,True,1385,2026-06-03T04:23:27.293622+00:00
src\calibrate_models.py,True,117,2026-06-03T04:23:27.346714+00:00
src\generate_figures.py,True,8192,2026-06-03T04:23:27.425469+00:00
src\generate_reports.py,True,10981,2026-06-03T04:23:27.437588+00:00
src\generate_synthetic_card_portfolio.py,True,9626,2026-06-03T04:23:27.279623+00:00
src\ingest_public_data.py,True,3293,2026-06-03T04:23:27.265153+00:00
src\run_decision_sensitivity.py,True,6079,2026-06-03T04:23:27.478675+00:00
src\run_operational_backtest.py,True,18378,2026-06-03T14:16:00.553736+00:00
src\run_pipeline.py,True,3207,2026-06-03T04:23:27.451683+00:00
src\run_public_benchmark_alignment.py,True,2289,2026-06-03T04:23:27.412161+00:00
src\run_recession_scenarios.py,True,2751,2026-06-03T04:23:27.398141+00:00
src\run_reconciliation_governance.py,True,5867,2026-06-03T04:23:27.507674+00:00
src\run_residual_bias_correction.py,True,6861,2026-06-03T04:23:27.371931+00:00
src\run_risk_boundary_routing.py,True,3971,2026-06-03T04:23:27.385141+00:00
src\run_risk_driver_monitoring.py,True,12828,2026-06-03T04:23:27.464675+00:00
src\run_scenario_sensitivity.py,True,3899,2026-06-03T04:23:27.492675+00:00
src\run_sql_reporting_pack.py,True,1771,2026-06-03T04:23:27.307622+00:00
src\train_baseline_models.py,True,4950,2026-06-03T04:23:27.335351+00:00
src\utils.py,True,1786,2026-06-03T04:23:27.254155+00:00
src\validate_data_quality.py,True,3568,2026-06-03T04:23:27.321707+00:00
tests\test_dashboard_artifacts.py,True,658,2026-06-03T04:23:27.654880+00:00
tests\test_data_shapes.py,True,985,2026-06-03T04:23:27.608368+00:00
tests\test_model_and_specialty_layers.py,True,1063,2026-06-03T04:23:27.632365+00:00
tests\test_monitoring_and_governance.py,True,1689,2026-06-03T04:23:27.669860+00:00
tests\test_outputs.py,True,1955,2026-06-03T04:23:27.594856+00:00
tests\test_reconciliation_and_sensitivity.py,True,2213,2026-06-03T04:23:27.683982+00:00
tests\test_reporting_outputs.py,True,1162,2026-06-03T04:23:27.620366+00:00
tests\test_scenarios_and_release.py,True,928,2026-06-03T04:23:27.642129+00:00
